<?xml version="1.0" encoding="utf-8"?>
<System>
  <P Name="Location">[-7, -7, 1543, 831]</P>
  <P Name="SystemRect">[0.000000, 0.000000, 0.000000, 0.000000]</P>
  <P Name="SetExecutionDomain">off</P>
  <P Name="ExecutionDomainType">Deduce</P>
  <P Name="ZoomFactor">51</P>
  <P Name="SimulinkSubDomain">Simulink</P>
  <Block BlockType="Inport" Name="u[V]" SID="4">
    <P Name="Position">[20, 73, 50, 87]</P>
    <P Name="ZOrder">3</P>
  </Block>
  <Block BlockType="TransferFcn" Name="Driver Dynamics" SID="1">
    <P Name="Position">[85, 22, 230, 138]</P>
    <P Name="ZOrder">1</P>
    <P Name="Numerator">drv.dcgain</P>
    <P Name="Denominator">[drv.Tc 1]</P>
  </Block>
  <Block BlockType="Saturate" Name="Driver Saturation" SID="2">
    <P Name="Position">[270, 50, 330, 110]</P>
    <P Name="ZOrder">2</P>
    <P Name="UpperLimit">12</P>
    <P Name="LowerLimit">-12</P>
  </Block>
  <Block BlockType="Outport" Name="udrv[V]" SID="5">
    <P Name="Position">[350, 73, 380, 87]</P>
    <P Name="ZOrder">4</P>
  </Block>
  <Line>
    <P Name="ZOrder">1</P>
    <P Name="Src">1#out:1</P>
    <P Name="Dst">2#in:1</P>
  </Line>
  <Line>
    <P Name="ZOrder">5</P>
    <P Name="Src">2#out:1</P>
    <P Name="Dst">5#in:1</P>
  </Line>
  <Line>
    <P Name="ZOrder">4</P>
    <P Name="Src">4#out:1</P>
    <P Name="Dst">1#in:1</P>
  </Line>
</System>
