<?xml version="1.0" encoding="utf-8"?>
<System>
  <P Name="Location">[-7, -7, 1543, 831]</P>
  <P Name="SystemRect">[0.000000, 0.000000, 0.000000, 0.000000]</P>
  <P Name="SetExecutionDomain">off</P>
  <P Name="ExecutionDomainType">Deduce</P>
  <P Name="ZoomFactor">129</P>
  <P Name="SimulinkSubDomain">Simulink</P>
  <Block BlockType="Inport" Name="e[deg]" SID="53">
    <P Name="Position">[20, 113, 50, 127]</P>
    <P Name="ZOrder">45</P>
  </Block>
  <Block BlockType="TransferFcn" Name="Driver Dynamics" SID="65">
    <P Name="Position">[200, 62, 345, 178]</P>
    <P Name="ZOrder">53</P>
    <P Name="Numerator">numCs</P>
    <P Name="Denominator">denCs</P>
  </Block>
  <Block BlockType="Saturate" Name="Saturation" SID="48">
    <P Name="Position">[455, 105, 485, 135]</P>
    <P Name="ZOrder">41</P>
    <P Name="UpperLimit">drv.outmax</P>
    <P Name="LowerLimit">-drv.outmax</P>
  </Block>
  <Block BlockType="Gain" Name="deg2rad" SID="62">
    <P Name="Position">[85, 105, 115, 135]</P>
    <P Name="ZOrder">52</P>
    <P Name="Gain">deg2rad</P>
  </Block>
  <Block BlockType="Outport" Name="u[V]" SID="54">
    <P Name="Position">[525, 113, 555, 127]</P>
    <P Name="ZOrder">46</P>
  </Block>
  <Line>
    <P Name="ZOrder">81</P>
    <P Name="Src">65#out:1</P>
    <P Name="Dst">48#in:1</P>
  </Line>
  <Line>
    <P Name="ZOrder">50</P>
    <P Name="Src">48#out:1</P>
    <P Name="Dst">54#in:1</P>
  </Line>
  <Line>
    <P Name="ZOrder">75</P>
    <P Name="Src">53#out:1</P>
    <P Name="Dst">62#in:1</P>
  </Line>
  <Line>
    <P Name="ZOrder">80</P>
    <P Name="Src">62#out:1</P>
    <P Name="Dst">65#in:1</P>
  </Line>
</System>
