<?xml version="1.0" encoding="utf-8"?>
<System>
  <P Name="Location">[38, 22, 1473, 791]</P>
  <P Name="SystemRect">[0.000000, 0.000000, 0.000000, 0.000000]</P>
  <P Name="Open">on</P>
  <P Name="SetExecutionDomain">off</P>
  <P Name="ExecutionDomainType">Deduce</P>
  <P Name="ZoomFactor">168</P>
  <P Name="ReportName">simulink-default.rpt</P>
  <P Name="SIDHighWatermark">72</P>
  <P Name="SimulinkSubDomain">Simulink</P>
  <Block BlockType="SubSystem" Name="DAC" SID="9">
    <P Name="Ports">[1, 1]</P>
    <P Name="Position">[145, 205, 210, 265]</P>
    <P Name="ZOrder">7</P>
    <P Name="RequestExecContextInheritance">off</P>
    <P Name="ContentPreviewEnabled">on</P>
    <Mask>
      <Display IconFrame="off" RunInitForIconRedraw="off"/>
    </Mask>
    <System Ref="system_9"/>
  </Block>
  <Block BlockType="SubSystem" Name="DC Motor + Gearbox" SID="19">
    <P Name="Ports">[1, 3]</P>
    <P Name="Position">[340, 197, 420, 273]</P>
    <P Name="ZOrder">29</P>
    <P Name="RequestExecContextInheritance">off</P>
    <P Name="ContentPreviewEnabled">on</P>
    <Mask>
      <Display IconFrame="off" RunInitForIconRedraw="off"/>
    </Mask>
    <Port>
      <P Name="PortNumber">1</P>
      <P Name="Name">thl[deg]</P>
    </Port>
    <Port>
      <P Name="PortNumber">2</P>
      <P Name="Name">wl[rpm]</P>
    </Port>
    <Port>
      <P Name="PortNumber">3</P>
      <P Name="Name">current[A]</P>
      <P Name="PropagatedSignals">ia</P>
    </Port>
    <System Ref="system_19"/>
  </Block>
  <Block BlockType="Integrator" Name="Integrator" SID="67">
    <P Name="Ports">[1, 1]</P>
    <P Name="Position">[-95, 220, -65, 250]</P>
    <P Name="ZOrder">51</P>
  </Block>
  <Block BlockType="SubSystem" Name="PID Controller" SID="52">
    <P Name="Ports">[1, 1]</P>
    <P Name="Position">[25, 205, 95, 265]</P>
    <P Name="ZOrder">45</P>
    <P Name="RequestExecContextInheritance">off</P>
    <P Name="ContentPreviewEnabled">on</P>
    <Mask>
      <Display IconFrame="off" RunInitForIconRedraw="off"/>
    </Mask>
    <Port>
      <P Name="PortNumber">1</P>
      <P Name="Name">u[V]</P>
    </Port>
    <System Ref="system_52"/>
  </Block>
  <Block BlockType="Reference" Name="Repeating&#xA;Sequence&#xA;Stair" SID="66">
    <P Name="Ports">[0, 1]</P>
    <P Name="Position">[-215, 220, -185, 250]</P>
    <P Name="ZOrder">50</P>
    <P Name="LibraryVersion">1.476</P>
    <P Name="SourceBlock">simulink/Sources/Repeating
Sequence
Stair</P>
    <P Name="SourceType">Repeating Sequence Stair</P>
    <P Name="SourceProductBaseCode">SL</P>
    <InstanceData>
      <P Name="RTWMemSecFuncInitTerm">Inherit from model</P>
      <P Name="RTWMemSecFuncExecute">Inherit from model</P>
      <P Name="RTWMemSecDataConstants">Inherit from model</P>
      <P Name="RTWMemSecDataInternal">Inherit from model</P>
      <P Name="RTWMemSecDataParameters">Inherit from model</P>
      <P Name="ContentPreviewEnabled">on</P>
      <P Name="OutValues">staircase_ref</P>
      <P Name="tsamp">5</P>
      <P Name="OutMin">[]</P>
      <P Name="OutMax">[]</P>
      <P Name="OutDataTypeStr">double</P>
      <P Name="OutputDataTypeScalingMode">double</P>
      <P Name="OutDataType">fixdt(0,8)</P>
      <P Name="ConRadixGroup">Best Precision: Vector-wise</P>
      <P Name="OutScaling">2^-12</P>
      <P Name="LockScale">off</P>
    </InstanceData>
    <Port>
      <P Name="PortNumber">1</P>
      <P Name="Name">u</P>
    </Port>
  </Block>
  <Block BlockType="Scope" Name="Scope" SID="56">
    <P Name="Ports">[3]</P>
    <P Name="Position">[505, 195, 560, 275]</P>
    <P Name="ZOrder">47</P>
    <P Name="ScopeSpecificationString">Simulink.scopes.TimeScopeBlockCfg(&apos;CurrentConfiguration&apos;, extmgr.ConfigurationSet(extmgr.Configuration(&apos;Core&apos;,&apos;General UI&apos;,true),extmgr.Configuration(&apos;Core&apos;,&apos;Source UI&apos;,true),extmgr.Configuration(&apos;Sources&apos;,&apos;WiredSimulink&apos;,true,&apos;DataLogging&apos;,true,&apos;DataLoggingVariableName&apos;,&apos;MotorData&apos;,&apos;DataLoggingSaveFormat&apos;,&apos;StructureWithTime&apos;),extmgr.Configuration(&apos;Visuals&apos;,&apos;Time Domain&apos;,true,&apos;SerializedDisplays&apos;,{struct(&apos;MinYLimReal&apos;,&apos;-75939.05562&apos;,&apos;MaxYLimReal&apos;,&apos;8437.67315&apos;,&apos;YLabelReal&apos;,&apos;&apos;,&apos;MinYLimMag&apos;,&apos;   0.00000&apos;,&apos;MaxYLimMag&apos;,&apos;75939.05562&apos;,&apos;LegendVisibility&apos;,&apos;Off&apos;,&apos;XGrid&apos;,true,&apos;YGrid&apos;,true,&apos;PlotMagPhase&apos;,false,&apos;AxesColor&apos;,[0 0 0],&apos;AxesTickColor&apos;,[0.686274509803922 0.686274509803922 0.686274509803922],&apos;ColorOrder&apos;,[1 1 0.0666666666666667;0.0745098039215686 0.623529411764706 1;1 0.411764705882353 0.16078431372549;0.392156862745098 0.831372549019608 0.0745098039215686;0.717647058823529 0.274509803921569 1;0.0588235294117647 1 1;1 0.0745098039215686 0.650980392156863],&apos;Title&apos;,&apos;%&lt;SignalLabel&gt;&apos;,&apos;LinePropertiesCache&apos;,{{}},&apos;UserDefinedChannelNames&apos;,{{}},&apos;NumLines&apos;,1,&apos;LineNames&apos;,{{&apos;thl[deg]&apos;}},&apos;ShowContent&apos;,true,&apos;Placement&apos;,1),struct(&apos;MinYLimReal&apos;,&apos;-531.9052&apos;,&apos;MaxYLimReal&apos;,&apos;59.20823&apos;,&apos;YLabelReal&apos;,&apos;&apos;,&apos;MinYLimMag&apos;,&apos;0.00000&apos;,&apos;MaxYLimMag&apos;,&apos;1.00000&apos;,&apos;LegendVisibility&apos;,&apos;off&apos;,&apos;XGrid&apos;,true,&apos;YGrid&apos;,true,&apos;PlotMagPhase&apos;,false,&apos;AxesColor&apos;,[0 0 0],&apos;AxesTickColor&apos;,[0.686274509803922 0.686274509803922 0.686274509803922],&apos;ColorOrder&apos;,[1 1 0.0666666666666667;0.0745098039215686 0.623529411764706 1;1 0.411764705882353 0.16078431372549;0.392156862745098 0.831372549019608 0.0745098039215686;0.717647058823529 0.274509803921569 1;0.0588235294117647 1 1;1 0.0745098039215686 0.650980392156863],&apos;Title&apos;,&apos;%&lt;SignalLabel&gt;&apos;,&apos;LinePropertiesCache&apos;,{{}},&apos;UserDefinedChannelNames&apos;,{{}},&apos;NumLines&apos;,1,&apos;LineNames&apos;,{{&apos;wl[rpm]&apos;}},&apos;ShowContent&apos;,true,&apos;Placement&apos;,2),struct(&apos;MinYLimReal&apos;,&apos;-0.40949&apos;,&apos;MaxYLimReal&apos;,&apos;0.0455&apos;,&apos;YLabelReal&apos;,&apos;&apos;,&apos;MinYLimMag&apos;,&apos;0.00000&apos;,&apos;MaxYLimMag&apos;,&apos;1.00000&apos;,&apos;LegendVisibility&apos;,&apos;off&apos;,&apos;XGrid&apos;,true,&apos;YGrid&apos;,true,&apos;PlotMagPhase&apos;,false,&apos;AxesColor&apos;,[0 0 0],&apos;AxesTickColor&apos;,[0.686274509803922 0.686274509803922 0.686274509803922],&apos;ColorOrder&apos;,[1 1 0.0666666666666667;0.0745098039215686 0.623529411764706 1;1 0.411764705882353 0.16078431372549;0.392156862745098 0.831372549019608 0.0745098039215686;0.717647058823529 0.274509803921569 1;0.0588235294117647 1 1;1 0.0745098039215686 0.650980392156863],&apos;Title&apos;,&apos;%&lt;SignalLabel&gt;&apos;,&apos;LinePropertiesCache&apos;,{{}},&apos;UserDefinedChannelNames&apos;,{{}},&apos;NumLines&apos;,1,&apos;LineNames&apos;,{{&apos;current[A]&apos;}},&apos;ShowContent&apos;,true,&apos;Placement&apos;,3)},&apos;DisplayPropertyDefaults&apos;,struct(&apos;YLabelReal&apos;,&apos;&apos;,&apos;AxesColor&apos;,[0 0 0],&apos;AxesTickColor&apos;,[0.686274509803922 0.686274509803922 0.686274509803922],&apos;ColorOrder&apos;,[0.0745098039215686 0.623529411764706 1;1 0.411764705882353 0.16078431372549;1 1 0.0666666666666667;0.717647058823529 0.274509803921569 1;0.392156862745098 0.831372549019608 0.0745098039215686;0.0588235294117647 1 1;1 0.0745098039215686 0.650980392156863]),&apos;DisplayLayoutDimensions&apos;,[3 1],&apos;DisplayContentCache&apos;,[]),extmgr.Configuration(&apos;Tools&apos;,&apos;Plot Navigation&apos;,true,&apos;OnceAtStop&apos;,false,&apos;PreviousZoomMode&apos;,&apos;ZoomY&apos;,&apos;PreviousAutoscale&apos;,&apos;XY&apos;),extmgr.Configuration(&apos;Tools&apos;,&apos;Measurements&apos;,true,&apos;Version&apos;,&apos;2020b&apos;)),&apos;Version&apos;,&apos;2020b&apos;,&apos;Position&apos;,[392.2 -78.2 960 792])</P>
    <P Name="NumInputPorts">3</P>
    <P Name="Floating">off</P>
  </Block>
  <Block BlockType="SubSystem" Name="Subsystem" SID="15">
    <P Name="Ports">[1, 1]</P>
    <P Name="Position">[220, 347, 330, 413]</P>
    <P Name="ZOrder">11</P>
    <P Name="BlockMirror">on</P>
    <P Name="RequestExecContextInheritance">off</P>
    <P Name="ContentPreviewEnabled">on</P>
    <Mask>
      <Display IconFrame="off" RunInitForIconRedraw="off"/>
    </Mask>
    <System Ref="system_15"/>
  </Block>
  <Block BlockType="Sum" Name="Sum1" SID="50">
    <P Name="Ports">[2, 1]</P>
    <P Name="Position">[-30, 225, -10, 245]</P>
    <P Name="ZOrder">43</P>
    <P Name="Inputs">|+-</P>
  </Block>
  <Block BlockType="SubSystem" Name="Voltage Driver" SID="3">
    <P Name="Ports">[1, 1]</P>
    <P Name="Position">[245, 207, 305, 263]</P>
    <P Name="ZOrder">3</P>
    <P Name="RequestExecContextInheritance">off</P>
    <P Name="ContentPreviewEnabled">on</P>
    <Mask>
      <Display IconFrame="off" RunInitForIconRedraw="off"/>
    </Mask>
    <System Ref="system_3"/>
  </Block>
  <Block BlockType="Gain" Name="pulse2deg" SID="41">
    <P Name="Position">[125, 365, 155, 395]</P>
    <P Name="ZOrder">34</P>
    <P Name="BlockMirror">on</P>
    <P Name="Gain">sens.enc.pulse2deg</P>
  </Block>
  <Block BlockType="Gain" Name="rpm2degs" SID="71">
    <P Name="Position">[-150, 220, -120, 250]</P>
    <P Name="ZOrder">55</P>
    <P Name="Gain">rpm2degs</P>
  </Block>
  <Line>
    <P Name="ZOrder">8</P>
    <P Name="Src">9#out:1</P>
    <P Name="Dst">3#in:1</P>
  </Line>
  <Line>
    <P Name="ZOrder">27</P>
    <P Name="Src">3#out:1</P>
    <P Name="Dst">19#in:1</P>
  </Line>
  <Line>
    <P Name="Name">thl[deg]</P>
    <P Name="ZOrder">30</P>
    <P Name="Labels">[0, 0]</P>
    <P Name="Src">19#out:1</P>
    <P Name="Points">[45, 0]</P>
    <Branch>
      <P Name="ZOrder">214</P>
      <P Name="Dst">56#in:1</P>
    </Branch>
    <Branch>
      <P Name="ZOrder">210</P>
      <P Name="Points">[0, 170]</P>
      <P Name="Dst">15#in:1</P>
    </Branch>
  </Line>
  <Line>
    <P Name="ZOrder">35</P>
    <P Name="Src">15#out:1</P>
    <P Name="Dst">41#in:1</P>
  </Line>
  <Line>
    <P Name="ZOrder">60</P>
    <P Name="Src">50#out:1</P>
    <P Name="Dst">52#in:1</P>
  </Line>
  <Line>
    <P Name="ZOrder">188</P>
    <P Name="Src">67#out:1</P>
    <P Name="Dst">50#in:1</P>
  </Line>
  <Line>
    <P Name="Name">u[V]</P>
    <P Name="ZOrder">143</P>
    <P Name="Labels">[1, 1]</P>
    <P Name="Src">52#out:1</P>
    <P Name="Dst">9#in:1</P>
  </Line>
  <Line>
    <P Name="ZOrder">171</P>
    <P Name="Src">41#out:1</P>
    <P Name="Points">[-140, 0]</P>
    <P Name="Dst">50#in:2</P>
  </Line>
  <Line>
    <P Name="Name">wl[rpm]</P>
    <P Name="ZOrder">178</P>
    <P Name="Labels">[0, 0]</P>
    <P Name="Src">19#out:2</P>
    <P Name="Dst">56#in:2</P>
  </Line>
  <Line>
    <P Name="Name">u</P>
    <P Name="ZOrder">207</P>
    <P Name="Labels">[0, 0]</P>
    <P Name="Src">66#out:1</P>
    <P Name="Dst">71#in:1</P>
  </Line>
  <Line>
    <P Name="ZOrder">209</P>
    <P Name="Src">71#out:1</P>
    <P Name="Dst">67#in:1</P>
  </Line>
  <Line>
    <P Name="Name">current[A]</P>
    <P Name="ZOrder">212</P>
    <P Name="Labels">[0, 0]</P>
    <P Name="Src">19#out:3</P>
    <P Name="Dst">56#in:3</P>
  </Line>
</System>
