<?xml version="1.0" encoding="utf-8"?>
<System>
  <P Name="Location">[98, 0, 1054, 830]</P>
  <P Name="SystemRect">[0.000000, 0.000000, 0.000000, 0.000000]</P>
  <P Name="SetExecutionDomain">off</P>
  <P Name="ExecutionDomainType">Deduce</P>
  <P Name="SimulinkSubDomain">Simulink</P>
  <Block BlockType="Inport" Name="thl[deg]" SID="16">
    <P Name="Position">[275, 28, 305, 42]</P>
    <P Name="ZOrder">11</P>
    <P Name="BlockMirror">on</P>
  </Block>
  <Block BlockType="Quantizer" Name="Encoder&#xA;quantization" SID="13">
    <P Name="Position">[145, 20, 175, 50]</P>
    <P Name="ZOrder">9</P>
    <P Name="BlockMirror">on</P>
    <P Name="QuantizationInterval">sens.enc.pulse2deg</P>
  </Block>
  <Block BlockType="ZeroOrderHold" Name="Encoder&#xA;sampling" SID="12">
    <P Name="Position">[220, 20, 255, 50]</P>
    <P Name="ZOrder">8</P>
    <P Name="BlockMirror">on</P>
    <P Name="SampleTime">-1</P>
  </Block>
  <Block BlockType="Gain" Name="deg2pulse" SID="14">
    <P Name="Position">[70, 20, 100, 50]</P>
    <P Name="ZOrder">10</P>
    <P Name="BlockMirror">on</P>
    <P Name="Gain">sens.enc.deg2pulse</P>
  </Block>
  <Block BlockType="Outport" Name="thl[pulses]" SID="17">
    <P Name="Position">[-5, 28, 25, 42]</P>
    <P Name="ZOrder">12</P>
    <P Name="BlockMirror">on</P>
  </Block>
  <Line>
    <P Name="ZOrder">15</P>
    <P Name="Src">16#out:1</P>
    <P Name="Dst">12#in:1</P>
  </Line>
  <Line>
    <P Name="ZOrder">11</P>
    <P Name="Src">13#out:1</P>
    <P Name="Dst">14#in:1</P>
  </Line>
  <Line>
    <P Name="ZOrder">12</P>
    <P Name="Src">12#out:1</P>
    <P Name="Dst">13#in:1</P>
  </Line>
  <Line>
    <P Name="ZOrder">16</P>
    <P Name="Src">14#out:1</P>
    <P Name="Dst">17#in:1</P>
  </Line>
</System>
