<?xml version="1.0" encoding="utf-8"?>
<System>
  <P Name="Location">[-6, 0, 775, 830]</P>
  <P Name="SystemRect">[0.000000, 0.000000, 0.000000, 0.000000]</P>
  <P Name="SetExecutionDomain">off</P>
  <P Name="ExecutionDomainType">Deduce</P>
  <P Name="ZoomFactor">125</P>
  <P Name="SimulinkSubDomain">Simulink</P>
  <Block BlockType="Inport" Name="In" SID="10">
    <P Name="Position">[20, 28, 50, 42]</P>
    <P Name="ZOrder">7</P>
  </Block>
  <Block BlockType="Quantizer" Name="DAC&#xA;quantizer" SID="7">
    <P Name="Position">[140, 20, 170, 50]</P>
    <P Name="ZOrder">5</P>
    <P Name="QuantizationInterval">daq.dac.q </P>
  </Block>
  <Block BlockType="Saturate" Name="DAC&#xA;saturation" SID="8">
    <P Name="Position">[205, 20, 235, 50]</P>
    <P Name="ZOrder">6</P>
    <P Name="UpperLimit">daq.dac.fs</P>
    <P Name="LowerLimit">-daq.dac.fs</P>
  </Block>
  <Block BlockType="ZeroOrderHold" Name="DAC &#xA;ZOH" SID="6">
    <P Name="Position">[70, 20, 105, 50]</P>
    <P Name="ZOrder">4</P>
    <P Name="SampleTime">0.001</P>
  </Block>
  <Block BlockType="Outport" Name="out [V]" SID="11">
    <P Name="Position">[255, 28, 285, 42]</P>
    <P Name="ZOrder">8</P>
  </Block>
  <Line>
    <P Name="ZOrder">4</P>
    <P Name="Src">6#out:1</P>
    <P Name="Dst">7#in:1</P>
  </Line>
  <Line>
    <P Name="ZOrder">5</P>
    <P Name="Src">7#out:1</P>
    <P Name="Dst">8#in:1</P>
  </Line>
  <Line>
    <P Name="ZOrder">8</P>
    <P Name="Src">10#out:1</P>
    <P Name="Dst">6#in:1</P>
  </Line>
  <Line>
    <P Name="ZOrder">9</P>
    <P Name="Src">8#out:1</P>
    <P Name="Dst">11#in:1</P>
  </Line>
</System>
