<?xml version="1.0" encoding="utf-8"?>
<System>
  <P Name="Location">[110, 87, 1277, 701]</P>
  <P Name="SystemRect">[0.000000, 0.000000, 0.000000, 0.000000]</P>
  <P Name="SetExecutionDomain">off</P>
  <P Name="ExecutionDomainType">Deduce</P>
  <P Name="ZoomFactor">113</P>
  <P Name="SimulinkSubDomain">Simulink</P>
  <Block BlockType="Inport" Name="udrv[V]" SID="20">
    <P Name="Position">[-55, 103, -25, 117]</P>
    <P Name="ZOrder">-1</P>
  </Block>
  <Block BlockType="TransferFcn" Name="Eletrical&#xA;Dynamics" SID="21">
    <P Name="Position">[50, 92, 110, 128]</P>
    <P Name="ZOrder">4</P>
    <P Name="Denominator">[mot.L, mot.R+sens.curr.Rs]</P>
    <Port>
      <P Name="PortNumber">1</P>
      <P Name="Name">ia</P>
    </Port>
  </Block>
  <Block BlockType="Integrator" Name="Integrator" SID="22">
    <P Name="Ports">[1, 1]</P>
    <P Name="Position">[495, 95, 525, 125]</P>
    <P Name="ZOrder">9</P>
    <Port>
      <P Name="PortNumber">1</P>
      <P Name="Name">thl</P>
    </Port>
  </Block>
  <Block BlockType="TransferFcn" Name="Mechanical &#xA;Dynamics" SID="23">
    <P Name="Position">[275, 91, 335, 129]</P>
    <P Name="ZOrder">8</P>
    <P Name="Denominator">[(mot.J+mld.J/gbox.N^2), mot.B + mld.B/gbox.N^2]</P>
    <Port>
      <P Name="PortNumber">1</P>
      <P Name="Name">wm</P>
    </Port>
  </Block>
  <Block BlockType="Signum" Name="Sign" SID="24">
    <P Name="Position">[370, -30, 400, 0]</P>
    <P Name="ZOrder">14</P>
    <P Name="BlockMirror">on</P>
    <P Name="ZeroCross">off</P>
  </Block>
  <Block BlockType="Sum" Name="Sum" SID="25">
    <P Name="Ports">[2, 1]</P>
    <P Name="Position">[5, 100, 25, 120]</P>
    <P Name="ZOrder">1</P>
    <P Name="ShowName">off</P>
    <P Name="Inputs">|+-</P>
  </Block>
  <Block BlockType="Sum" Name="Sum1" SID="26">
    <P Name="Ports">[2, 1]</P>
    <P Name="Position">[220, 100, 240, 120]</P>
    <P Name="ZOrder">5</P>
    <P Name="ShowName">off</P>
    <P Name="Inputs">-+|</P>
  </Block>
  <Block BlockType="Gain" Name="current2torque" SID="27">
    <P Name="Position">[155, 95, 185, 125]</P>
    <P Name="ZOrder">3</P>
    <P Name="Gain">mot.Kt</P>
    <Port>
      <P Name="PortNumber">1</P>
      <P Name="Name">taum</P>
    </Port>
  </Block>
  <Block BlockType="Gain" Name="load2rotor" SID="28">
    <P Name="Position">[215, 25, 245, 55]</P>
    <P Name="ZOrder">6</P>
    <P Name="BlockRotation">270</P>
    <P Name="BlockMirror">on</P>
    <P Name="NameLocation">left</P>
    <P Name="Gain">1/ gbox.N</P>
  </Block>
  <Block BlockType="Gain" Name="rad2deg" SID="29">
    <P Name="Position">[580, 95, 610, 125]</P>
    <P Name="ZOrder">10</P>
    <P Name="Gain">rad2deg</P>
  </Block>
  <Block BlockType="Gain" Name="rad2rpm&#xA;" SID="30">
    <P Name="Position">[580, 190, 610, 220]</P>
    <P Name="ZOrder">11</P>
    <P Name="Gain">rads2rpm</P>
  </Block>
  <Block BlockType="Gain" Name="rotor2load" SID="31">
    <P Name="Position">[395, 95, 425, 125]</P>
    <P Name="ZOrder">7</P>
    <P Name="Gain">1/gbox.N</P>
    <Port>
      <P Name="PortNumber">1</P>
      <P Name="Name">wl</P>
    </Port>
  </Block>
  <Block BlockType="Gain" Name="speed2voltage" SID="32">
    <P Name="Position">[170, 210, 200, 240]</P>
    <P Name="ZOrder">2</P>
    <P Name="BlockMirror">on</P>
    <P Name="Gain">mot.Ke</P>
    <Port>
      <P Name="PortNumber">1</P>
      <P Name="Name">ue</P>
    </Port>
  </Block>
  <Block BlockType="Gain" Name="static friction&#xA;amplitude" SID="33">
    <P Name="Position">[305, -30, 335, 0]</P>
    <P Name="ZOrder">13</P>
    <P Name="BlockMirror">on</P>
    <P Name="Gain">mld.tausf</P>
  </Block>
  <Block BlockType="Outport" Name="thl[deg]" SID="34">
    <P Name="Position">[640, 103, 670, 117]</P>
    <P Name="ZOrder">-2</P>
    <P Name="VectorParamsAs1DForOutWhenUnconnected">off</P>
  </Block>
  <Block BlockType="Outport" Name="w[rpm]" SID="35">
    <P Name="Position">[640, 198, 670, 212]</P>
    <P Name="ZOrder">12</P>
    <P Name="Port">2</P>
    <P Name="VectorParamsAs1DForOutWhenUnconnected">off</P>
  </Block>
  <Block BlockType="Outport" Name="current[A]" SID="72">
    <P Name="Position">[145, -52, 175, -38]</P>
    <P Name="ZOrder">15</P>
    <P Name="Port">3</P>
    <P Name="VectorParamsAs1DForOutWhenUnconnected">off</P>
  </Block>
  <Line>
    <P Name="Name">ia</P>
    <P Name="ZOrder">1</P>
    <P Name="Src">21#out:1</P>
    <P Name="Points">[13, 0]</P>
    <Branch>
      <P Name="ZOrder">47</P>
      <P Name="Points">[0, -155]</P>
      <P Name="Dst">72#in:1</P>
    </Branch>
    <Branch>
      <P Name="ZOrder">46</P>
      <P Name="Labels">[-1, 0]</P>
      <P Name="Dst">27#in:1</P>
    </Branch>
  </Line>
  <Line>
    <P Name="ZOrder">4</P>
    <P Name="Src">20#out:1</P>
    <P Name="Dst">25#in:1</P>
  </Line>
  <Line>
    <P Name="ZOrder">5</P>
    <P Name="Src">25#out:1</P>
    <P Name="Dst">21#in:1</P>
  </Line>
  <Line>
    <P Name="Name">taum</P>
    <P Name="ZOrder">6</P>
    <P Name="Labels">[1, 1]</P>
    <P Name="Src">27#out:1</P>
    <P Name="Dst">26#in:2</P>
  </Line>
  <Line>
    <P Name="ZOrder">7</P>
    <P Name="Src">26#out:1</P>
    <P Name="Dst">23#in:1</P>
  </Line>
  <Line>
    <P Name="Name">wm</P>
    <P Name="ZOrder">9</P>
    <P Name="Labels">[0, 0]</P>
    <P Name="Src">23#out:1</P>
    <P Name="Points">[19, 0]</P>
    <Branch>
      <P Name="ZOrder">10</P>
      <P Name="Dst">31#in:1</P>
    </Branch>
    <Branch>
      <P Name="ZOrder">11</P>
      <P Name="Points">[0, 115]</P>
      <P Name="Dst">32#in:1</P>
    </Branch>
  </Line>
  <Line>
    <P Name="Name">wl</P>
    <P Name="ZOrder">12</P>
    <P Name="Src">31#out:1</P>
    <P Name="Points">[14, 0]</P>
    <Branch>
      <P Name="ZOrder">13</P>
      <P Name="Labels">[1, 1]</P>
      <P Name="Dst">22#in:1</P>
    </Branch>
    <Branch>
      <P Name="ZOrder">14</P>
      <P Name="Points">[0, 95]</P>
      <P Name="Dst">30#in:1</P>
    </Branch>
    <Branch>
      <P Name="ZOrder">15</P>
      <P Name="Points">[0, -125]</P>
      <P Name="Dst">24#in:1</P>
    </Branch>
  </Line>
  <Line>
    <P Name="Name">thl</P>
    <P Name="ZOrder">16</P>
    <P Name="Labels">[1, 1]</P>
    <P Name="Src">22#out:1</P>
    <P Name="Dst">29#in:1</P>
  </Line>
  <Line>
    <P Name="ZOrder">17</P>
    <P Name="Labels">[0, 0]</P>
    <P Name="Src">29#out:1</P>
    <P Name="Dst">34#in:1</P>
  </Line>
  <Line>
    <P Name="ZOrder">18</P>
    <P Name="Src">30#out:1</P>
    <P Name="Dst">35#in:1</P>
  </Line>
  <Line>
    <P Name="ZOrder">19</P>
    <P Name="Src">33#out:1</P>
    <P Name="Points">[-70, 0]</P>
    <P Name="Dst">28#in:1</P>
  </Line>
  <Line>
    <P Name="ZOrder">20</P>
    <P Name="Src">24#out:1</P>
    <P Name="Dst">33#in:1</P>
  </Line>
  <Line>
    <P Name="Name">ue</P>
    <P Name="ZOrder">21</P>
    <P Name="Labels">[0, 0]</P>
    <P Name="Src">32#out:1</P>
    <P Name="Points">[-150, 0]</P>
    <P Name="Dst">25#in:2</P>
  </Line>
  <Line>
    <P Name="ZOrder">45</P>
    <P Name="Src">28#out:1</P>
    <P Name="Dst">26#in:1</P>
  </Line>
  <Annotation SID="38">
    <P Name="Name">            Static friction</P>
    <P Name="Position">[275, -55, 425, 35]</P>
    <P Name="InternalMargins">[0, 0, 0, 0]</P>
    <P Name="FixedHeight">on</P>
    <P Name="FixedWidth">on</P>
    <P Name="ForegroundColor">white</P>
    <P Name="DropShadow">on</P>
    <P Name="AnnotationType">area_annotation</P>
    <P Name="ZOrder">18</P>
    <P Name="FontSize">12</P>
  </Annotation>
</System>
