<?xml version="1.0" encoding="utf-8"?>
<System>
  <P Name="Location">[689, 139, 1534, 1212]</P>
  <P Name="SystemRect">[0.000000, 0.000000, 0.000000, 0.000000]</P>
  <P Name="Open">on</P>
  <P Name="SetExecutionDomain">off</P>
  <P Name="ExecutionDomainType">Deduce</P>
  <P Name="ZoomFactor">200</P>
  <P Name="ReportName">simulink-default.rpt</P>
  <P Name="SIDHighWatermark">92</P>
  <P Name="SimulinkSubDomain">Simulink</P>
  <Block BlockType="Scope" Name=" " SID="82">
    <P Name="Ports">[3]</P>
    <P Name="Position">[690, 405, 745, 535]</P>
    <P Name="ZOrder">79</P>
    <P Name="ScopeSpecificationString">Simulink.scopes.TimeScopeBlockCfg(&apos;CurrentConfiguration&apos;, extmgr.ConfigurationSet(extmgr.Configuration(&apos;Core&apos;,&apos;General UI&apos;,true),extmgr.Configuration(&apos;Core&apos;,&apos;Source UI&apos;,true),extmgr.Configuration(&apos;Sources&apos;,&apos;WiredSimulink&apos;,true,&apos;DataLoggingVariableName&apos;,&apos;MotorData&apos;,&apos;DataLogging&apos;,true,&apos;DataLoggingSaveFormat&apos;,&apos;StructureWithTime&apos;),extmgr.Configuration(&apos;Visuals&apos;,&apos;Time Domain&apos;,true,&apos;SerializedDisplays&apos;,{struct(&apos;MinYLimReal&apos;,&apos;-0.04385&apos;,&apos;MaxYLimReal&apos;,&apos;0.38996&apos;,&apos;YLabelReal&apos;,&apos;&apos;,&apos;MinYLimMag&apos;,&apos;0.00000&apos;,&apos;MaxYLimMag&apos;,&apos;0.38996&apos;,&apos;LegendVisibility&apos;,&apos;Off&apos;,&apos;XGrid&apos;,true,&apos;YGrid&apos;,true,&apos;PlotMagPhase&apos;,false,&apos;AxesColor&apos;,[0 0 0],&apos;AxesTickColor&apos;,[0.686274509803922 0.686274509803922 0.686274509803922],&apos;ColorOrder&apos;,[1 1 0.0666666666666667;0.0745098039215686 0.623529411764706 1;1 0.411764705882353 0.16078431372549;0.392156862745098 0.831372549019608 0.0745098039215686;0.717647058823529 0.274509803921569 1;0.0588235294117647 1 1;1 0.0745098039215686 0.650980392156863],&apos;Title&apos;,&apos;%&lt;SignalLabel&gt;&apos;,&apos;LinePropertiesCache&apos;,{{}},&apos;UserDefinedChannelNames&apos;,{{}},&apos;NumLines&apos;,0,&apos;LineNames&apos;,{{[]}},&apos;ShowContent&apos;,true,&apos;Placement&apos;,1),struct(&apos;MinYLimReal&apos;,&apos;-58.42028&apos;,&apos;MaxYLimReal&apos;,&apos;525.78254&apos;,&apos;YLabelReal&apos;,&apos;&apos;,&apos;MinYLimMag&apos;,&apos;0.00000&apos;,&apos;MaxYLimMag&apos;,&apos;0.00098&apos;,&apos;LegendVisibility&apos;,&apos;Off&apos;,&apos;XGrid&apos;,true,&apos;YGrid&apos;,true,&apos;PlotMagPhase&apos;,false,&apos;AxesColor&apos;,[0 0 0],&apos;AxesTickColor&apos;,[0.686274509803922 0.686274509803922 0.686274509803922],&apos;ColorOrder&apos;,[1 1 0.0666666666666667;0.0745098039215686 0.623529411764706 1;1 0.411764705882353 0.16078431372549;0.392156862745098 0.831372549019608 0.0745098039215686;0.717647058823529 0.274509803921569 1;0.0588235294117647 1 1;1 0.0745098039215686 0.650980392156863],&apos;Title&apos;,&apos;%&lt;SignalLabel&gt;&apos;,&apos;LinePropertiesCache&apos;,{{}},&apos;UserDefinedChannelNames&apos;,{{}},&apos;NumLines&apos;,0,&apos;LineNames&apos;,{{[]}},&apos;ShowContent&apos;,true,&apos;Placement&apos;,2),struct(&apos;MinYLimReal&apos;,&apos;-538.62723&apos;,&apos;MaxYLimReal&apos;,&apos;1570.78117&apos;,&apos;YLabelReal&apos;,&apos;&apos;,&apos;MinYLimMag&apos;,&apos;0.00000&apos;,&apos;MaxYLimMag&apos;,&apos;0.00098&apos;,&apos;LegendVisibility&apos;,&apos;Off&apos;,&apos;XGrid&apos;,true,&apos;YGrid&apos;,true,&apos;PlotMagPhase&apos;,false,&apos;AxesColor&apos;,[0 0 0],&apos;AxesTickColor&apos;,[0.686274509803922 0.686274509803922 0.686274509803922],&apos;ColorOrder&apos;,[1 1 0.0666666666666667;0.0745098039215686 0.623529411764706 1;1 0.411764705882353 0.16078431372549;0.392156862745098 0.831372549019608 0.0745098039215686;0.717647058823529 0.274509803921569 1;0.0588235294117647 1 1;1 0.0745098039215686 0.650980392156863],&apos;Title&apos;,&apos;%&lt;SignalLabel&gt;&apos;,&apos;LinePropertiesCache&apos;,{{}},&apos;UserDefinedChannelNames&apos;,{{}},&apos;NumLines&apos;,0,&apos;LineNames&apos;,{{[]}},&apos;ShowContent&apos;,true,&apos;Placement&apos;,3)},&apos;DisplayPropertyDefaults&apos;,struct(&apos;YLabelReal&apos;,&apos;&apos;,&apos;LegendVisibility&apos;,&apos;Off&apos;,&apos;XGrid&apos;,true,&apos;YGrid&apos;,true,&apos;PlotMagPhase&apos;,false,&apos;AxesColor&apos;,[0 0 0],&apos;AxesTickColor&apos;,[0.686274509803922 0.686274509803922 0.686274509803922],&apos;ColorOrder&apos;,[0.0745098039215686 0.623529411764706 1;1 0.411764705882353 0.16078431372549;1 1 0.0666666666666667;0.717647058823529 0.274509803921569 1;0.392156862745098 0.831372549019608 0.0745098039215686;0.0588235294117647 1 1;1 0.0745098039215686 0.650980392156863]),&apos;DisplayLayoutDimensions&apos;,[3 1]),extmgr.Configuration(&apos;Tools&apos;,&apos;Plot Navigation&apos;,true),extmgr.Configuration(&apos;Tools&apos;,&apos;Measurements&apos;,true,&apos;Version&apos;,&apos;2020b&apos;)),&apos;Version&apos;,&apos;2020b&apos;,&apos;Position&apos;,[558 244 683 558],&apos;VisibleAtModelOpen&apos;,&apos;on&apos;)</P>
    <P Name="NumInputPorts">3</P>
    <P Name="Floating">off</P>
  </Block>
  <Block BlockType="Reference" Name="Analog Input" SID="64">
    <P Name="Ports">[0, 1]</P>
    <P Name="Position">[275, 265, 330, 305]</P>
    <P Name="ZOrder">56</P>
    <P Name="AttributesFormatString">National Instruments\nPCI-6221 [auto]</P>
    <P Name="LibraryVersion">1.242</P>
    <P Name="SourceBlock">sldrtlib/Analog Input</P>
    <P Name="SourceType">Simulink Desktop Real-Time Analog Input</P>
    <P Name="SourceProductBaseCode">WT</P>
    <InstanceData>
      <P Name="MultiThreadCoSim">auto</P>
      <P Name="SampleTime">0.001</P>
      <P Name="MaxMissedTicks">10</P>
      <P Name="ShowMissedTicks">off</P>
      <P Name="YieldWhenWaiting">off</P>
      <P Name="DrvName">National_Instruments/PCI-6221</P>
      <P Name="DrvAddress">4294967295</P>
      <P Name="DrvOptions">[0 0 0 2 0]</P>
      <P Name="Channels">[1 2]</P>
      <P Name="RangeMode">1</P>
      <P Name="VoltRange">1</P>
      <P Name="DataType">1</P>
    </InstanceData>
  </Block>
  <Block BlockType="Reference" Name="Analog Output" SID="65">
    <P Name="Ports">[1]</P>
    <P Name="Position">[155, 215, 210, 255]</P>
    <P Name="ZOrder">54</P>
    <P Name="AttributesFormatString">National Instruments\nPCI-6221 [auto]</P>
    <P Name="LibraryVersion">1.242</P>
    <P Name="SourceBlock">sldrtlib/Analog Output</P>
    <P Name="SourceType">Simulink Desktop Real-Time Analog Output</P>
    <P Name="SourceProductBaseCode">WT</P>
    <InstanceData>
      <P Name="MultiThreadCoSim">auto</P>
      <P Name="SampleTime">0.001</P>
      <P Name="MaxMissedTicks">10</P>
      <P Name="ShowMissedTicks">off</P>
      <P Name="YieldWhenWaiting">off</P>
      <P Name="DrvName">National_Instruments/PCI-6221</P>
      <P Name="DrvAddress">4294967295</P>
      <P Name="DrvOptions">[0 0 0 2 0]</P>
      <P Name="Channels">1</P>
      <P Name="RangeMode">1</P>
      <P Name="VoltRange">1</P>
      <P Name="InitialValue">0</P>
      <P Name="FinalValue">0</P>
    </InstanceData>
  </Block>
  <Block BlockType="Demux" Name="Demux" SID="83">
    <P Name="Ports">[1, 2]</P>
    <P Name="Position">[370, 266, 375, 304]</P>
    <P Name="ZOrder">75</P>
    <P Name="Outputs">2</P>
  </Block>
  <Block BlockType="Reference" Name="Encoder Input" SID="66">
    <P Name="Ports">[0, 1]</P>
    <P Name="Position">[225, 360, 280, 400]</P>
    <P Name="ZOrder">55</P>
    <P Name="BlockMirror">on</P>
    <P Name="AttributesFormatString">National Instruments\nPCI-6221 [auto]</P>
    <P Name="LibraryVersion">1.242</P>
    <P Name="SourceBlock">sldrtlib/Encoder Input</P>
    <P Name="SourceType">Simulink Desktop Real-Time Encoder Input</P>
    <P Name="SourceProductBaseCode">WT</P>
    <InstanceData>
      <P Name="MultiThreadCoSim">auto</P>
      <P Name="SampleTime">0.001</P>
      <P Name="MaxMissedTicks">10</P>
      <P Name="ShowMissedTicks">off</P>
      <P Name="YieldWhenWaiting">off</P>
      <P Name="DrvName">National_Instruments/PCI-6221</P>
      <P Name="DrvAddress">4294967295</P>
      <P Name="DrvOptions">[0 0 0 2 0]</P>
      <P Name="Channels">1</P>
      <P Name="QuadMode">3</P>
      <P Name="IndexPulse">1</P>
      <P Name="InputFilter">Inf</P>
      <P Name="DataType">1</P>
    </InstanceData>
  </Block>
  <Block BlockType="Gain" Name="Gain" SID="84">
    <P Name="Position">[465, 270, 495, 300]</P>
    <P Name="ZOrder">77</P>
    <P Name="Gain">1/sens.curr.Rs</P>
  </Block>
  <Block BlockType="Integrator" Name="Integrator" SID="90">
    <P Name="Ports">[1, 1]</P>
    <P Name="Position">[-95, 220, -65, 250]</P>
    <P Name="ZOrder">84</P>
  </Block>
  <Block BlockType="SubSystem" Name="PID Controller" SID="52">
    <P Name="Ports">[1, 1]</P>
    <P Name="Position">[45, 205, 115, 265]</P>
    <P Name="ZOrder">45</P>
    <P Name="RequestExecContextInheritance">off</P>
    <P Name="ContentPreviewEnabled">on</P>
    <Mask>
      <Display IconFrame="off" RunInitForIconRedraw="off"/>
    </Mask>
    <System Ref="system_52"/>
  </Block>
  <Block BlockType="Reference" Name="Repeating&#xA;Sequence&#xA;Stair" SID="91">
    <P Name="Ports">[0, 1]</P>
    <P Name="Position">[-225, 220, -195, 250]</P>
    <P Name="ZOrder">83</P>
    <P Name="LibraryVersion">1.476</P>
    <P Name="SourceBlock">simulink/Sources/Repeating
Sequence
Stair</P>
    <P Name="SourceType">Repeating Sequence Stair</P>
    <P Name="SourceProductBaseCode">SL</P>
    <InstanceData>
      <P Name="RTWMemSecFuncInitTerm">Inherit from model</P>
      <P Name="RTWMemSecFuncExecute">Inherit from model</P>
      <P Name="RTWMemSecDataConstants">Inherit from model</P>
      <P Name="RTWMemSecDataInternal">Inherit from model</P>
      <P Name="RTWMemSecDataParameters">Inherit from model</P>
      <P Name="ContentPreviewEnabled">on</P>
      <P Name="OutValues">staircase_ref</P>
      <P Name="tsamp">5</P>
      <P Name="OutMin">[]</P>
      <P Name="OutMax">[]</P>
      <P Name="OutDataTypeStr">double</P>
      <P Name="OutputDataTypeScalingMode">double</P>
      <P Name="OutDataType">fixdt(0,8)</P>
      <P Name="ConRadixGroup">Best Precision: Vector-wise</P>
      <P Name="OutScaling">2^-12</P>
      <P Name="LockScale">off</P>
    </InstanceData>
    <Port>
      <P Name="PortNumber">1</P>
      <P Name="Name">u</P>
    </Port>
  </Block>
  <Block BlockType="Sum" Name="Subtract" SID="86">
    <P Name="Ports">[2, 1]</P>
    <P Name="Position">[395, 263, 420, 307]</P>
    <P Name="ZOrder">76</P>
    <P Name="IconShape">rectangular</P>
    <P Name="Inputs">+-</P>
  </Block>
  <Block BlockType="Sum" Name="Sum1" SID="50">
    <P Name="Ports">[2, 1]</P>
    <P Name="Position">[-30, 225, -10, 245]</P>
    <P Name="ZOrder">43</P>
    <P Name="Inputs">|+-</P>
  </Block>
  <Block BlockType="TransferFcn" Name="Transfer Fcn" SID="70">
    <P Name="Position">[110, 436, 195, 504]</P>
    <P Name="ZOrder">64</P>
    <P Name="Numerator">[numHws]</P>
    <P Name="Denominator">[denHws]</P>
  </Block>
  <Block BlockType="TransferFcn" Name="Transfer Fcn1" SID="88">
    <P Name="Position">[540, 254, 620, 316]</P>
    <P Name="ZOrder">81</P>
    <P Name="Numerator">[numHwsi]</P>
    <P Name="Denominator">[denHwsi]</P>
    <Port>
      <P Name="PortNumber">1</P>
      <P Name="Name">Current</P>
    </Port>
  </Block>
  <Block BlockType="TransferFcn" Name="Transfer Fcn2" SID="89">
    <P Name="Position">[520, 491, 610, 539]</P>
    <P Name="ZOrder">82</P>
    <P Name="Numerator">[numHwa]</P>
    <P Name="Denominator">[denHwa]</P>
    <Port>
      <P Name="PortNumber">1</P>
      <P Name="Name">Acc</P>
    </Port>
  </Block>
  <Block BlockType="Gain" Name="degs2rpm" SID="72">
    <P Name="Position">[300, 455, 330, 485]</P>
    <P Name="ZOrder">65</P>
    <P Name="Gain">deg2rad</P>
    <Port>
      <P Name="PortNumber">1</P>
      <P Name="Name">Speed</P>
    </Port>
  </Block>
  <Block BlockType="Gain" Name="pulse2deg" SID="67">
    <P Name="Position">[5, 365, 35, 395]</P>
    <P Name="ZOrder">53</P>
    <P Name="BlockMirror">on</P>
    <P Name="Gain">sens.enc.pulse2deg</P>
  </Block>
  <Block BlockType="Gain" Name="rpm2degs" SID="92">
    <P Name="Position">[-160, 220, -130, 250]</P>
    <P Name="ZOrder">85</P>
    <P Name="Gain">rpm2degs</P>
  </Block>
  <Line>
    <P Name="ZOrder">60</P>
    <P Name="Src">50#out:1</P>
    <P Name="Dst">52#in:1</P>
  </Line>
  <Line>
    <P Name="ZOrder">191</P>
    <P Name="Src">52#out:1</P>
    <P Name="Dst">65#in:1</P>
  </Line>
  <Line>
    <P Name="ZOrder">188</P>
    <P Name="Src">66#out:1</P>
    <P Name="Dst">67#in:1</P>
  </Line>
  <Line>
    <P Name="ZOrder">190</P>
    <P Name="Src">67#out:1</P>
    <P Name="Points">[-20, 0]</P>
    <Branch>
      <P Name="ZOrder">234</P>
      <P Name="Points">[0, 90]</P>
      <P Name="Dst">70#in:1</P>
    </Branch>
    <Branch>
      <P Name="ZOrder">233</P>
      <P Name="Dst">50#in:2</P>
    </Branch>
  </Line>
  <Line>
    <P Name="Name">Speed</P>
    <P Name="ZOrder">232</P>
    <P Name="Src">72#out:1</P>
    <P Name="Points">[46, 0]</P>
    <Branch>
      <P Name="ZOrder">254</P>
      <P Name="Labels">[-1, 0]</P>
      <P Name="Dst">82#in:2</P>
    </Branch>
    <Branch>
      <P Name="ZOrder">253</P>
      <P Name="Points">[0, 45]</P>
      <P Name="Dst">89#in:1</P>
    </Branch>
  </Line>
  <Line>
    <P Name="ZOrder">207</P>
    <P Name="Src">70#out:1</P>
    <P Name="Dst">72#in:1</P>
  </Line>
  <Line>
    <P Name="ZOrder">251</P>
    <P Name="Src">90#out:1</P>
    <P Name="Dst">50#in:1</P>
  </Line>
  <Line>
    <P Name="Name">Current</P>
    <P Name="ZOrder">226</P>
    <P Name="Labels">[2, 1]</P>
    <P Name="Src">88#out:1</P>
    <P Name="Points">[33, 0; 0, 140]</P>
    <P Name="Dst">82#in:1</P>
  </Line>
  <Line>
    <P Name="ZOrder">225</P>
    <P Name="Src">84#out:1</P>
    <P Name="Dst">88#in:1</P>
  </Line>
  <Line>
    <P Name="ZOrder">223</P>
    <P Name="Src">64#out:1</P>
    <P Name="Dst">83#in:1</P>
  </Line>
  <Line>
    <P Name="ZOrder">219</P>
    <P Name="Src">83#out:1</P>
    <P Name="Dst">86#in:1</P>
  </Line>
  <Line>
    <P Name="ZOrder">220</P>
    <P Name="Src">86#out:1</P>
    <P Name="Dst">84#in:1</P>
  </Line>
  <Line>
    <P Name="ZOrder">221</P>
    <P Name="Src">83#out:2</P>
    <P Name="Dst">86#in:2</P>
  </Line>
  <Line>
    <P Name="Name">Acc</P>
    <P Name="ZOrder">235</P>
    <P Name="Labels">[1, 1]</P>
    <P Name="Src">89#out:1</P>
    <P Name="Dst">82#in:3</P>
  </Line>
  <Line>
    <P Name="Name">u</P>
    <P Name="ZOrder">248</P>
    <P Name="Labels">[0, 0]</P>
    <P Name="Src">91#out:1</P>
    <P Name="Dst">92#in:1</P>
  </Line>
  <Line>
    <P Name="ZOrder">250</P>
    <P Name="Src">92#out:1</P>
    <P Name="Dst">90#in:1</P>
  </Line>
</System>
