<?xml version="1.0" encoding="UTF-8"?>
<sltp_editor version="1.1" packageUris="http://schema.mathworks.com/mf0/DiagramEditor/R2019a_20181107 http://schema.mathworks.com/mf0/SltpSyntax/R2020b_202005081148">
  <sltp.mm.syntax.Context type="sltp.mm.syntax.Context" uuid="e5d9405a-6102-4694-a254-2685840b2ec4">
    <rootGraph type="sltp.mm.syntax.Graph" uuid="b082ea60-8cc7-4382-9298-7a5d429f8720">
      <children type="sltp.mm.syntax.Node" uuid="e6d4c3b7-0c38-4b35-827f-d8926e2a3998">
        <priority>40</priority>
        <rates type="sltp.mm.syntax.RateData">
          <color>#000000</color>
          <hasBlocks>true</hasBlocks>
          <rate>0</rate>
          <title>Cont</title>
        </rates>
        <rates type="sltp.mm.syntax.RateData">
          <color>#e60000</color>
          <hasBlocks>true</hasBlocks>
          <rate>0.001</rate>
          <title>D1</title>
        </rates>
        <rates type="sltp.mm.syntax.RateData">
          <color>#00d100</color>
          <hasBlocks>true</hasBlocks>
          <rate>5</rate>
          <title>D2</title>
        </rates>
        <title>Cont</title>
        <type>base</type>
        <diagramElement type="diagram.editor.model.Entity" uuid="64277dd7-3d09-4964-b0c8-fa7b83cf3716"/>
        <subgraph type="sltp.mm.syntax.Graph" uuid="51433bbb-d31f-4b44-b1eb-ff1ba781c211">
          <title>Cont</title>
          <diagramElement type="diagram.editor.model.Diagram" uuid="644664c8-2f27-4175-9836-aa3a6df9c810"/>
        </subgraph>
      </children>
      <title>Default</title>
      <diagramElement type="diagram.editor.model.Diagram" uuid="e605b166-6716-401e-9148-6f481d7a7bae"/>
    </rootGraph>
  </sltp.mm.syntax.Context>
  <diagram.editor.model.Diagram type="diagram.editor.model.Diagram" uuid="e605b166-6716-401e-9148-6f481d7a7bae">
    <entities type="diagram.editor.model.Entity" uuid="64277dd7-3d09-4964-b0c8-fa7b83cf3716">
      <position>0,0</position>
      <size>0,0,0,0</size>
      <syntaxElement type="sltp.mm.syntax.Node" uuid="e6d4c3b7-0c38-4b35-827f-d8926e2a3998"/>
      <title>Cont</title>
      <type>base</type>
      <subDiagram type="diagram.editor.model.Diagram" uuid="644664c8-2f27-4175-9836-aa3a6df9c810">
        <position>0,0</position>
        <syntaxElement type="sltp.mm.syntax.Graph" uuid="51433bbb-d31f-4b44-b1eb-ff1ba781c211"/>
        <title>Cont</title>
        <type>graph.Graph</type>
      </subDiagram>
    </entities>
    <syntaxElement type="sltp.mm.syntax.Graph" uuid="b082ea60-8cc7-4382-9298-7a5d429f8720"/>
    <title>Default</title>
    <type>graph.Graph</type>
  </diagram.editor.model.Diagram>
</sltp_editor>