<?xml version="1.0" encoding="utf-8"?>
<System>
  <P Name="Location">[198, 65, 979, 886]</P>
  <P Name="SystemRect">[0.000000, 0.000000, 0.000000, 0.000000]</P>
  <P Name="SetExecutionDomain">off</P>
  <P Name="ExecutionDomainType">Deduce</P>
  <P Name="ZoomFactor">125</P>
  <P Name="SimulinkSubDomain">Simulink</P>
  <Block BlockType="Inport" Name="e[deg]" SID="53">
    <P Name="Position">[20, 113, 50, 127]</P>
    <P Name="ZOrder">45</P>
  </Block>
  <Block BlockType="Integrator" Name="Integrator" SID="46">
    <P Name="Ports">[1, 1]</P>
    <P Name="Position">[300, 105, 330, 135]</P>
    <P Name="ZOrder">39</P>
  </Block>
  <Block BlockType="TransferFcn" Name="Real Derivative" SID="47">
    <P Name="Position">[260, 179, 370, 231]</P>
    <P Name="ZOrder">40</P>
    <P Name="Numerator">[1 0]</P>
    <P Name="Denominator">[ctrl.T_L, 1]</P>
  </Block>
  <Block BlockType="Saturate" Name="Saturation" SID="48">
    <P Name="Position">[455, 105, 485, 135]</P>
    <P Name="ZOrder">41</P>
    <P Name="UpperLimit">drv.outmax</P>
    <P Name="LowerLimit">-drv.outmax</P>
  </Block>
  <Block BlockType="Sum" Name="Sum" SID="49">
    <P Name="Ports">[3, 1]</P>
    <P Name="Position">[410, 110, 430, 130]</P>
    <P Name="ZOrder">42</P>
    <P Name="Inputs">+++</P>
  </Block>
  <Block BlockType="Gain" Name="deg2rad" SID="62">
    <P Name="Position">[85, 105, 115, 135]</P>
    <P Name="ZOrder">52</P>
    <P Name="Gain">deg2rad</P>
  </Block>
  <Block BlockType="Gain" Name="derivative&#xA;gain" SID="45">
    <P Name="Position">[185, 190, 215, 220]</P>
    <P Name="ZOrder">38</P>
    <P Name="Gain">ctrl.Kd</P>
  </Block>
  <Block BlockType="Gain" Name="integral&#xA;gani" SID="44">
    <P Name="Position">[185, 105, 215, 135]</P>
    <P Name="ZOrder">37</P>
    <P Name="Gain">ctrl.Ki</P>
  </Block>
  <Block BlockType="Gain" Name="proportional&#xA;gain" SID="43">
    <P Name="Position">[185, 20, 215, 50]</P>
    <P Name="ZOrder">36</P>
    <P Name="Gain">ctrl.Kp</P>
  </Block>
  <Block BlockType="Outport" Name="u[V]" SID="54">
    <P Name="Position">[525, 113, 555, 127]</P>
    <P Name="ZOrder">46</P>
  </Block>
  <Line>
    <P Name="ZOrder">42</P>
    <P Name="Src">49#out:1</P>
    <P Name="Dst">48#in:1</P>
  </Line>
  <Line>
    <P Name="ZOrder">50</P>
    <P Name="Src">48#out:1</P>
    <P Name="Dst">54#in:1</P>
  </Line>
  <Line>
    <P Name="ZOrder">39</P>
    <P Name="Src">45#out:1</P>
    <P Name="Dst">47#in:1</P>
  </Line>
  <Line>
    <P Name="ZOrder">40</P>
    <P Name="Src">47#out:1</P>
    <P Name="Points">[45, 0]</P>
    <P Name="Dst">49#in:3</P>
  </Line>
  <Line>
    <P Name="ZOrder">37</P>
    <P Name="Src">46#out:1</P>
    <P Name="Dst">49#in:2</P>
  </Line>
  <Line>
    <P Name="ZOrder">38</P>
    <P Name="Src">44#out:1</P>
    <P Name="Dst">46#in:1</P>
  </Line>
  <Line>
    <P Name="ZOrder">41</P>
    <P Name="Src">43#out:1</P>
    <P Name="Points">[200, 0]</P>
    <P Name="Dst">49#in:1</P>
  </Line>
  <Line>
    <P Name="ZOrder">75</P>
    <P Name="Src">53#out:1</P>
    <P Name="Dst">62#in:1</P>
  </Line>
  <Line>
    <P Name="ZOrder">76</P>
    <P Name="Src">62#out:1</P>
    <P Name="Points">[19, 0]</P>
    <Branch>
      <P Name="ZOrder">46</P>
      <P Name="Points">[0, 85]</P>
      <P Name="Dst">45#in:1</P>
    </Branch>
    <Branch>
      <P Name="ZOrder">45</P>
      <P Name="Points">[0, -85]</P>
      <P Name="Dst">43#in:1</P>
    </Branch>
    <Branch>
      <P Name="ZOrder">44</P>
      <P Name="Dst">44#in:1</P>
    </Branch>
  </Line>
</System>
